X,Y,label
0.9485299833290027,0.007057608026539208,0.0
-0.8572682847077825,0.4149844912680416,1.0
-1.1393423302948082,-0.08816887973309716,1.0
2.1050701150317455,1.793636180314453,1.0
-1.2551825209550866,3.292834943973858,1.0
0.4787814071597314,0.5107042945394332,1.0
1.4913730478479041,-0.785335134401415,1.0
-2.956320363956769,1.3299991050536528,1.0
0.6305031235257025,-0.12467325142821739,0.0
-0.23569044748955326,1.4709187580310996,1.0
0.7122961985453248,0.99259392920986,1.0
-1.3538738128223733,-2.050315547756366,1.0
0.35226471256720027,1.8521311315275912,1.0
-1.1158117167458148,-0.575610257697172,1.0
-1.3422051209130652,0.5253435446035937,1.0
-2.1325059324492046,0.8056948445862329,1.0
0.2790412181296901,1.017074696853918,1.0
-0.037578081256556484,1.9425755745110405,1.0
-1.2949024830384668,-0.05367814636122292,1.0
-0.6551350510740166,0.7628296955252699,1.0
1.2472389019698265,1.9739248500265831,1.0
-0.3858644980576643,0.9695819612415059,1.0
0.03612792895672473,1.3051442970741662,1.0
1.3734752033647908,1.8618438733456193,1.0
-0.000679832317521667,2.8337721788853774,1.0
1.8657109706087616,0.27753762548464045,1.0
-1.0995067656457442,1.9841585816784908,1.0
0.44716795755740435,0.9384644369977886,1.0
0.23054251591372243,0.9985981732924275,1.0
-0.939559966683386,-0.3179024929095364,1.0
-1.6907846107788929,-0.019026516037145447,1.0
0.6869246389545747,3.663362964299772,1.0
2.3097124801763447,-2.4572467198751022,1.0
2.1614562291609447,1.2534209438539772,1.0
0.3190393497709372,1.6976775919168028,1.0
1.0122758312145488,0.16995005997832854,1.0
0.25227708200417287,0.1860828923409421,1.0
0.6529171802080194,0.6204152878528395,1.0
1.1960019408512859,0.3896621517055453,1.0
-1.2467176096955037,0.02007555109612824,1.0
-1.072173014447138,1.8845082955127845,1.0
1.3574370149769819,-0.5098675134117895,1.0
2.0490291978375956,2.6928507661002055,1.0
1.2687696764781213,-1.0830932971648854,1.0
-1.069590762137669,1.8001280818823309,1.0
-0.24002279797348125,3.224030350771927,1.0
2.5220767254608805,1.9580935316937658,1.0
0.12006822582016063,0.6770901949649387,1.0
0.1366281321224564,-1.0543538869942723,1.0
1.0576361324047645,0.25501521225136614,1.0
3.358835061938466,0.9621054931113642,1.0
-1.505481341583513,0.28378691622238517,1.0
-0.8191336294727751,0.08198701624378923,1.0
0.9643264659815453,1.1595960114917157,1.0
2.754768036827709,1.0663519032048372,1.0
-1.0031238809347685,-0.7618118519286535,1.0
1.0663385103074317,1.3620466217331533,1.0
-1.5637474572856505,1.0037779416416832,1.0
0.10781193772160456,0.5508418336261496,1.0
1.1802679710736768,3.5945499418117155,1.0
-0.8067322257415163,-0.6408207831582104,1.0
-1.2303854225033677,0.7811759436202991,1.0
1.8931651036274981,2.0725970292210016,1.0
0.16868851359652481,-0.47098716797576345,1.0
-0.7504861503661318,-2.413831014115093,0.0
-0.050623075175015186,0.6174158357038155,1.0
-2.2183223795213833,-2.032866921479629,1.0
-0.5262401222400548,1.8637811083889677,1.0
-1.323228187465734,2.1351480916908914,1.0
-0.614370344092047,0.9262973642374429,1.0
0.06496150100751324,0.5068443060589787,1.0
0.5519649013490808,2.7219910192369956,1.0
-0.08359027621773407,0.6851282007671069,1.0
1.3786744132518076,1.2881943683930626,1.0
2.0386188727012695,-0.06175758872408482,1.0
-0.8828461962197636,-1.420886302750646,1.0
2.1730144026175924,-2.2924634692644252,1.0
-0.4235348516763531,0.8832593513033458,1.0
3.38731149185889,1.3351510863334284,1.0
-0.9315838475465839,1.5855107618490112,1.0
0.38320369657980596,2.4141066116098333,1.0
1.2815286362268186,0.8013646855712053,1.0
0.1516617001375855,1.8881686622447522,1.0
0.0832565200893049,-0.3158101112020092,1.0
1.449679528939987,0.49325939892010934,1.0
-2.7721833282901023,1.962308939137173,1.0
1.9220651960438666,4.485215838531372,1.0
0.9725624788351157,1.57726915418464,1.0
2.6549845331352344,1.986129895106055,1.0
0.9369955746909615,1.121006656544036,1.0
2.158348816967693,2.569252436572437,1.0
4.775844002233452,1.4990827934164914,1.0
-0.3796158027600202,1.6126357927140282,1.0
0.3628240713514678,1.7950708482892468,1.0
0.6664332747167498,1.9411812178519932,1.0
-2.286303226888744,0.6472287818650939,1.0
-1.251743207757888,0.9556976827413263,1.0
0.5380325107233805,1.6613679453732848,1.0
0.45556349315628025,-0.10887587516379571,1.0
-1.3468535379763562,0.2979385449247407,1.0
-0.44692444663491543,1.4285801284203856,1.0
0.7924543492262742,0.6145121112890679,1.0
-0.9712098343570004,1.9254760643127649,1.0
-0.81301032238445,-0.13350611772680643,1.0
0.6514314871983689,0.6190689325165448,1.0
-0.42876529333467606,-0.5005712172483463,1.0
1.1625262622725634,3.302926441202966,1.0
1.2454191186655335,0.6862274118863623,1.0
2.215935096035558,1.0493752387693225,1.0
-0.8097971744157626,0.00988679580365548,1.0
1.253811225901496,2.7495322352620466,1.0
-0.7050640767622218,-0.3290169130279722,1.0
0.3178393017842901,0.8626953954413874,1.0
1.9960670345733922,-0.5423486831263198,1.0
-0.9741247114383875,-0.3763525831725548,1.0
-0.454231139735251,1.8964244035962041,1.0
-0.578691960844093,2.647118129557793,1.0
-3.5075797700742983,-0.8645402519889162,1.0
-3.2415257747248587,0.7854388925310315,1.0
-1.0951699671503234,1.7060080271860214,1.0
-0.797661031098727,0.8241254224381178,1.0
-0.39649612098986975,2.2964397141734065,1.0
0.32107910429976905,0.5066583217753111,1.0
-0.4000189053089205,1.957478501505203,1.0
-2.1521948755251645,1.5466808139005745,1.0
-0.8069959302029517,0.1649994275990575,1.0
-1.3584861512114499,0.7302459884864583,1.0
-3.001468086103354,-1.1589888651114606,1.0
-2.1254238227581985,0.41442181986454313,1.0
0.9207643566966488,2.7159475532185686,1.0
1.1884793539325433,2.436751432400776,1.0
-0.23983055533586956,0.5232872278885959,1.0
-1.613441882834232,0.10682991822030788,1.0
1.7745225765417243,0.34376871064857206,1.0
-2.2682643114952814,1.6749368421146538,1.0
-1.2261045046579053,1.4214599072283285,0.0
-0.8585076699599079,-0.1869312858874475,1.0
-1.181792183071778,1.1571163390594283,1.0
0.024156621128790856,1.0933391950014597,1.0
1.1471188153382599,-0.36277693567600955,1.0
1.038636768118276,0.9412503279242873,1.0
0.46995815212932546,1.1064743441892646,1.0
-0.50188188870238,0.15135930610387138,1.0
3.1758369311196866,2.739057037462086,1.0
-2.1265836031739713,0.7089964568752997,1.0
2.2742956338166085,1.1430740214355697,1.0
-1.1711279405297093,-1.4806113745184928,0.0
-1.9016709594594075,1.5557823809494848,1.0
-2.673421821988322,1.028133874993157,1.0
-0.1024581076476633,0.6156007956141557,1.0
-1.5293557494125376,2.0087892197923947,1.0
-2.3958132787650914,0.427436147852836,1.0
0.2752250307424258,-0.4412908034376959,1.0
0.27594052850510953,2.470750693127663,1.0
-3.08642076118138,-1.282176715772668,1.0
-0.21357252055578324,2.2121910417376163,1.0
-0.45337734126334184,-0.05521483062722432,1.0
0.671420630213002,0.8055234829032893,1.0
0.2597908298187718,0.9101288443928874,1.0
1.349381928624381,0.7940462267859152,1.0
-1.0975672562445211,0.48571868996636486,1.0
-1.2382345763580154,1.8826722202982251,1.0
-1.7119561066640436,2.5548844743574834,1.0
0.6131924225858839,2.4297219133346823,1.0
0.08915093904021426,0.4750904859250088,1.0
-2.2680897063850582,1.1176673310945886,1.0
1.4193133470775332,1.092650161110796,1.0
-0.3936646312281392,2.019158064159261,1.0
-1.1239800633380927,1.2887791292899506,1.0
0.8368824873715205,0.41917625820387716,0.0
-3.075629908761236,1.1776269912024324,1.0
1.8323581986016142,2.4104310383661676,1.0
1.3382227350791318,1.6383837255165963,1.0
-2.359453253302095,2.960928104679626,1.0
0.04296094395803007,1.4082230285888726,1.0
-0.7133492909544683,0.12726302196620964,1.0
-0.2532164115792266,2.7568252022499333,1.0
1.2145478562802037,1.761667831302789,1.0
-0.6037262536842538,0.4327635084042045,1.0
2.183050375158095,1.7444208569852697,1.0
0.3270371987606673,0.5393153219633702,1.0
-0.6434220638842405,0.42972834827452727,1.0
-0.813233482976441,0.9672018057316014,1.0
-1.749582777270645,-0.8934779744686926,1.0
2.0097998943038933,2.601799731566082,1.0
-0.6116704456504204,-0.7473729296928454,0.0
0.28353760173378706,-2.833874298018375,1.0
-0.013611522678538313,0.5355854404119726,1.0
-0.18976763870867674,0.8365365007195434,1.0
-0.043518977357484334,2.1267212119357097,1.0
0.2908874468248518,1.7618864971938757,1.0
-0.23257167549589086,1.7431505945296633,1.0
-1.4590858547759766,2.247508611039021,1.0
0.3503684820867554,-0.12412131206730759,1.0
0.4782321492811228,1.97337542060592,1.0
1.0630510488422926,-0.07009008834331898,1.0
-2.1510854644047943,0.6092819536094418,1.0
-0.6555207763984277,-2.066935991262266,0.0
-0.4666753598443837,1.6410431778529988,1.0
-0.10319007298826388,1.9796608214302642,1.0
-0.13095381021704988,-0.48812743650027,1.0
-1.217549552594534,-0.4685932235928728,1.0
2.2806178198823384,0.3795410345983592,1.0
-1.812793946571496,0.8258479215727883,1.0
0.9585092549011225,-1.0798331336161056,1.0
-0.8619525041444023,-0.9323819458728518,0.0
0.1663228828526305,2.3025733707858422,1.0
-0.07530006844546305,3.2664162577493494,1.0
0.7464087537312823,-1.413601388837022,1.0
1.1504401384089447,0.3411501198792608,0.0
4.545646639431784,1.5660768956300029,1.0
0.36975796510327913,0.7729229413171215,1.0
-0.19491173138372658,2.694933497511685,1.0
-0.4474352014244264,0.3763809505088064,0.0
0.008688503597286349,0.629419267472196,1.0
0.1092555548965197,-1.1048072607551207,1.0
0.97629554557799,2.709084406101249,0.0
-0.8386886445929557,1.214514453997743,1.0
-0.7609242603177031,1.1724702341182656,1.0
2.4060486185438412,2.5086653324734103,1.0
0.9891857052045439,-1.9576635430789755,1.0
-0.23536591572134247,3.221843192757735,1.0
-1.8964325605043135,0.45663833862547154,1.0
1.3585689256924356,0.9938206498089963,1.0
1.439339606145157,0.8998114808176263,1.0
0.7678628916872746,2.0459233818378055,1.0
1.0601930376353788,0.8390023393206492,1.0
1.0074072445965996,2.5354958381586843,1.0
-0.06482808335514162,-2.223185594371582,0.0
-0.045647947150788126,1.7842027040355828,1.0
0.40743030650557854,1.3187894052319091,1.0
0.9179137197588242,1.0024284677496569,1.0
2.04741155730777,4.107752848352504,1.0
-0.8409460202739184,0.7922639030924639,1.0
0.048952251519317425,2.1395734110055935,1.0
0.9298785755458681,1.230860629208534,1.0
1.54917664340023,-0.4844696198494409,1.0
0.5061985628343515,1.1651745296296192,1.0
0.5497042458135799,1.9299347410083612,1.0
0.25203557417314776,1.2191351068684608,1.0
-1.520104364016161,1.9532068177285975,1.0
-0.5493231565862869,0.48754240085306666,1.0
2.579287739622997,1.54643022575631,1.0
-0.06683092532942903,1.756691156247724,1.0
-0.5277736100077403,1.5898930673823548,1.0
0.601800354814745,-2.097885509820721,0.0
-0.0654063925629867,-0.10849623042879039,1.0
0.49708031063125685,1.2986587733380086,1.0
-2.4990308332812057,0.775071400800911,1.0
0.38193720974797285,0.4990081755687186,1.0
-1.703954060361503,0.7261660817000262,0.0
1.371732363887322,-0.2897783998172385,1.0
1.9824029670569745,0.4729365142482841,1.0
0.886985318307052,0.06011138800907151,1.0
-2.9918133742443085,1.824798655163204,1.0
-1.0591195789161658,0.40394393860306477,1.0
1.2116056109416178,2.1859487809242766,1.0
-0.9045964739387331,1.2790175190136535,1.0
-1.6715936561970042,0.3233533287292205,1.0
-1.0732544302364564,3.0964292292520676,1.0
1.3954665671820488,-0.1906254858254251,1.0
-0.43149880729252216,-0.49623072280661584,1.0
-1.868802071276374,0.9153438620836297,1.0
1.5901462837232374,0.8620522546166048,1.0
-2.7365187239807147,-1.0389472608372445,0.0
-0.3698331988088144,2.2021909978898906,1.0
1.539577950002185,2.3717436725368177,1.0
0.1848640928186277,-2.195195904273233,0.0
-3.85681157742754,1.5230350799951282,1.0
0.220544318344998,1.718344877509209,1.0
-0.30404584077256874,1.3898448701605974,1.0
0.12727087050132302,0.17516891126721168,1.0
-0.5308056347066789,-0.7822678331005566,1.0
0.8286468678180938,2.55505635427767,1.0
0.24392950320623288,-0.2533291117169416,1.0
-1.327185022275648,-1.5181478120709166,1.0
2.521528279469405,1.6849904687066797,1.0
0.9583680584735768,2.076281424732458,1.0
3.512516256585162,4.185830305092773,1.0
-1.9991598199314793,2.3071804971431904,1.0
-0.7945433257630674,2.034297301079799,1.0
-1.384887804015642,0.6037839437503865,1.0
-0.41193598268503223,1.2422276560618344,1.0
1.564941573328457,1.31648836001856,1.0
0.255973549488507,-0.34176379202814433,1.0
0.38043976682634395,1.1939462712227407,1.0
0.08037426678919252,0.2477352028152312,1.0
-1.8386631130812165,1.0467688292049184,1.0
-1.3767961010471899,-1.3830624582332944,1.0
1.02009225693419,-0.08551076566961036,1.0
3.995547278624615,1.652701299708067,1.0
-1.0603655015589857,2.637755595387686,1.0
0.4656043746872357,2.160142368989802,1.0
0.5909269534242088,2.157932077206689,1.0
-0.5652351338413165,0.817218032527413,0.0
2.0075961102003412,-0.23696633387745986,1.0
1.120178317120031,2.5156106308375,1.0
2.588589625764441,4.054317009858764,1.0
0.38728443127975093,0.9276696332217218,1.0
-0.21872659836049582,-1.5357963469021463,1.0
0.9634407829973104,-0.18681127030186573,1.0
0.32534850388998376,0.9667688375485206,1.0
1.0979831752198146,3.1614566013515026,1.0
-0.9050509791939199,0.5927149792677179,1.0
0.8917875947054761,0.2672846826472166,1.0
-1.213658761439253,-0.3339583067264822,1.0
-0.18640554009621235,0.23609154049056635,1.0
-0.2160471181817279,-0.027286140105540646,1.0
0.6215363362120343,0.6588795185217159,1.0
-0.9933576769871204,3.145097656524791,1.0
-1.6203902798959626,1.7660693667224807,1.0
-0.3495909407372372,1.8356440946838681,1.0
-1.237710223313282,1.1971195566508888,1.0
2.0421767631695005,2.2814445443219458,1.0
-1.195515433212818,0.584095276991206,1.0
0.027174995295561555,1.0110245662001893,1.0
-2.915333614963153,3.7759830379595427,1.0
1.6841301724539846,-0.11801548882280777,1.0
-0.3521316850731444,0.8055539938492127,1.0
2.756641572030075,1.3037329151754875,1.0
-2.638461056801424,-2.4070862792225283,1.0
-0.17122970922749636,-2.0662811695598235,0.0
-0.5513501228451757,1.4774798928038329,1.0
-2.8503794084481324,1.1447855013222081,1.0
-0.9447560421244193,0.29767479189652835,1.0
0.7420172612452094,-0.38789596073715493,1.0
-0.4381251120295869,-0.0388600155933978,1.0
0.08073861691870143,1.374984399615799,1.0
-1.7260084367835318,2.379140799403326,1.0
-0.7918584145503867,0.15021281249890284,1.0
1.0499002838683271,1.7636674787733675,1.0
-2.8133047856919164,0.339140796183516,1.0
-0.10314646304823392,0.33824216571470644,1.0
-3.882386501250542,1.3768575743483105,1.0
0.5094215699212274,0.5735513973925155,1.0
1.7857263347968266,-0.044551757916051746,1.0
-0.6849603852387465,2.5866788684189186,1.0
-1.1972738841467814,1.5783366983885008,1.0
-0.8678439112670866,-2.0377842877622583,0.0
1.2569766854460958,0.6513832405363414,1.0
2.9903187752532867,1.1093820814413562,1.0
-1.0671826935201132,1.5612988004514858,1.0
-0.817332543173909,-0.047849585098979075,1.0
-3.7076501308351846,0.37127702260459833,1.0
-0.36078848182719314,1.551966224064516,1.0
-1.6105050593860284,2.78645057933233,1.0
2.2907186555116343,-1.5234578860452794,0.0
-1.0509291784898984,-0.08053337633549962,1.0
0.2670047478806228,1.1389881694867388,1.0
0.9834843085150666,-2.876059797952249,1.0
